"Refs","Value","Footprint","Qty","DNP"
"C1","100nF","Capacitor_THT:C_Disc_D5.0mm_W2.5mm_P2.50mm","1",""
"C2","100nF","Capacitor_THT:C_Disc_D5.0mm_W2.5mm_P2.50mm","1",""
"C5","470uF 10V","Capacitor_THT:CP_Radial_D8.0mm_P3.50mm","1",""
"C6","0.1uF","Capacitor_THT:C_Disc_D5.0mm_W2.5mm_P5.00mm","1",""
"CHANNEL1","Encoder 6","Connector_PinHeader_2.54mm:PinHeader_1x03_P2.54mm_Vertical","1",""
"D1","SB560","Diode_THT:D_DO-201AD_P15.24mm_Horizontal","1",""
"D2","POWER GREEN","LED_THT:LED_D5.0mm","1",""
"D3","1N4734A 5.6V","Diode_THT:D_DO-41_SOD81_P10.16mm_Horizontal","1",""
"D5","D","Diode_THT:D_DO-35_SOD27_P7.62mm_Horizontal","1",""
"D6","D","Diode_THT:D_DO-35_SOD27_P7.62mm_Horizontal","1",""
"D7","D","Diode_THT:D_DO-35_SOD27_P7.62mm_Horizontal","1",""
"D8","D","Diode_THT:D_DO-41_SOD81_P10.16mm_Horizontal","1",""
"D9","D","Diode_THT:D_DO-35_SOD27_P7.62mm_Horizontal","1",""
"D10","D","Diode_THT:D_DO-35_SOD27_P7.62mm_Horizontal","1",""
"D11","D","Diode_THT:D_DO-35_SOD27_P7.62mm_Horizontal","1",""
"D12","D","Diode_THT:D_DO-35_SOD27_P7.62mm_Horizontal","1",""
"D13","D","Diode_THT:D_DO-35_SOD27_P7.62mm_Horizontal","1",""
"D14","D","Diode_THT:D_DO-35_SOD27_P7.62mm_Horizontal","1",""
"D15","D","Diode_THT:D_DO-35_SOD27_P7.62mm_Horizontal","1",""
"D16","D","Diode_THT:D_DO-35_SOD27_P7.62mm_Horizontal","1",""
"D17","D","Diode_THT:D_DO-35_SOD27_P7.62mm_Horizontal","1",""
"D18","D","Diode_THT:D_DO-35_SOD27_P7.62mm_Horizontal","1",""
"D19","D","Diode_THT:D_DO-35_SOD27_P7.62mm_Horizontal","1",""
"D20","D","Diode_THT:D_DO-35_SOD27_P7.62mm_Horizontal","1",""
"F2","1.1A HOLD PTC","","1",""
"FREQ_Mode2","Conn_01x09_Pin","Connector_PinHeader_2.54mm:PinHeader_1x09_P2.54mm_Vertical","1",""
"J1","SPI Display","Connector_PinHeader_2.54mm:PinHeader_1x08_P2.54mm_Vertical","1",""
"J3","5.0V-5.5V INPUT","","1",""
"J4","FREQ1","Connector_PinHeader_2.54mm:PinHeader_1x03_P2.54mm_Vertical","1",""
"J5","FREQ2","Connector_PinHeader_2.54mm:PinHeader_1x03_P2.54mm_Vertical","1",""
"J6","FREQ3","Connector_PinHeader_2.54mm:PinHeader_1x03_P2.54mm_Vertical","1",""
"J7","FREQ4","Connector_PinHeader_2.54mm:PinHeader_1x03_P2.54mm_Vertical","1",""
"J8","FREQ5","Connector_PinHeader_2.54mm:PinHeader_1x03_P2.54mm_Vertical","1",""
"OP_Mode1","Conn_01x09_Pin","Connector_PinHeader_2.54mm:PinHeader_1x09_P2.54mm_Vertical","1",""
"Q2","C106D SCR","","1",""
"Q3","IRLZ44N","Package_TO_SOT_THT:TO-220-3_Vertical","1",""
"R1","220","Resistor_THT:R_Axial_DIN0204_L3.6mm_D1.6mm_P5.08mm_Horizontal","1",""
"R2","220","Resistor_THT:R_Axial_DIN0204_L3.6mm_D1.6mm_P5.08mm_Horizontal","1",""
"R3","1k 1%","Resistor_THT:R_Axial_DIN0309_L9.0mm_D3.2mm_P12.70mm_Horizontal","1",""
"R4","1k 1%","Resistor_THT:R_Axial_DIN0309_L9.0mm_D3.2mm_P12.70mm_Horizontal","1",""
"R5","1k 1%","Resistor_THT:R_Axial_DIN0207_L6.3mm_D2.5mm_P10.16mm_Horizontal","1",""
"R6","1k 1%","Resistor_THT:R_Axial_DIN0207_L6.3mm_D2.5mm_P10.16mm_Horizontal","1",""
"R7","1k 1%","Resistor_THT:R_Axial_DIN0207_L6.3mm_D2.5mm_P10.16mm_Horizontal","1",""
"R8","1k 1%","Resistor_THT:R_Axial_DIN0207_L6.3mm_D2.5mm_P10.16mm_Horizontal","1",""
"R9","1k 1%","Resistor_THT:R_Axial_DIN0207_L6.3mm_D2.5mm_P10.16mm_Horizontal","1",""
"R10","1k 1%","Resistor_THT:R_Axial_DIN0207_L6.3mm_D2.5mm_P10.16mm_Horizontal","1",""
"R11","1k 1%","Resistor_THT:R_Axial_DIN0207_L6.3mm_D2.5mm_P10.16mm_Horizontal","1",""
"R12","1k 1%","Resistor_THT:R_Axial_DIN0207_L6.3mm_D2.5mm_P10.16mm_Horizontal","1",""
"R13","1k 1%","Resistor_THT:R_Axial_DIN0207_L6.3mm_D2.5mm_P10.16mm_Horizontal","1",""
"R14","1k 1%","Resistor_THT:R_Axial_DIN0207_L6.3mm_D2.5mm_P10.16mm_Horizontal","1",""
"R15","1k","","1",""
"R16","220","","1",""
"R17","1k","","1",""
"R37","10K","Resistor_THT:R_Axial_DIN0207_L6.3mm_D2.5mm_P10.16mm_Horizontal","1",""
"R38","100","Resistor_THT:R_Axial_DIN0207_L6.3mm_D2.5mm_P10.16mm_Horizontal","1",""
"SQL1","Conn_01x02_Pin","Connector_PinHeader_2.54mm:PinHeader_1x02_P2.54mm_Vertical","1",""
"SW1","SW_Push 6x6x6mm SPST momentary","Button_Switch_THT:SW_PUSH-6mm","1",""
"SW2","SW_Push 6x6x6mm SPST momentary","Button_Switch_THT:SW_PUSH-6mm","1",""
"SW3","SW_Push 6x6x6mm SPST momentary","Button_Switch_THT:SW_PUSH-6mm","1",""
"SW4","SW_Push 6x6x6mm SPST momentary","Button_Switch_THT:SW_PUSH-6mm","1",""
"SW5","SW_Push 6x6x6mm SPST momentary","Button_Switch_THT:SW_PUSH-6mm","1",""
"SW6","SW_Push 6x6x6mm SPST momentary","Button_Switch_THT:SW_PUSH-6mm","1",""
"SW7","SW_Push 6x6x6mm SPST momentary","Button_Switch_THT:SW_PUSH-6mm","1",""
"SW8","SW_Push 6x6x6mm SPST momentary","Button_Switch_THT:SW_PUSH-6mm","1",""
"SW9","SW_Push 6x6x6mm SPST momentary","Button_Switch_THT:SW_PUSH-6mm","1",""
"SW10","SW_Push 6x6x6mm SPST momentary","Button_Switch_THT:SW_PUSH-6mm","1",""
"SW11","SW_Push 6x6x6mm SPST momentary","Button_Switch_THT:SW_PUSH-6mm","1",""
"SW12","SW_Push 6x6x6mm SPST momentary","Button_Switch_THT:SW_PUSH-6mm","1",""
"SW13","SW_Push 6x6x6mm SPST momentary","Button_Switch_THT:SW_PUSH-6mm","1",""
"SW14","SW_Push 6x6x6mm SPST momentary","Button_Switch_THT:SW_PUSH-6mm","1",""
"SW15","SW_Push 6x6x6mm SPST momentary","Button_Switch_THT:SW_PUSH-6mm","1",""
"SW16","SW_Push 6x6x6mm SPST momentary","Button_Switch_THT:SW_PUSH-6mm","1",""
"U1","Teensy4.1","Teensy:Teensy41","1",""
"SQL panel hardware (not a schematic reference)","C&K A12515RNZQ - SQL On/Off; 38.1mm shaft; 45deg indexing; bracket mount; solder lugs","","1",""
"Rotary switch panel hardware (not master-board references)","C&K A12505RNCQ - multi-position rotary switch; 12.7mm shaft; 45deg indexing; PCB pins","ARC210_RotarySwitches:A12505RNCQ","2",""
"Encoder PCB hardware (not master-board references)","Bourns PEC11H-4220F-S0024 - rotary encoder with push switch; PCB terminals","ARC210_Encoders:PEC11H4220FS0024","6",""
